AA1.hmm	943	B5P58|B5P58_000320-T1	582	4.5e-76	451	785	42	376	0.354188759278897
AA1.hmm	943	B5P58|B5P58_007220-T1	581	6.5e-65	446	731	35	337	0.302226935312831
AA1.hmm	943	B5P58|B5P58_007718-T1	530	1e-66	450	796	41	397	0.366914103923648
AA10.hmm	178	B5P58|B5P58_003800-T1	416	7.7e-42	1	177	77	280	0.98876404494382
AA10.hmm	178	B5P58|B5P58_004265-T1	185	8e-25	47	177	46	181	0.730337078651685
AA12.hmm	401	B5P58|B5P58_008548-T1	548	1.5e-38	5	401	72	468	0.987531172069825
AA2.hmm	255	B5P58|B5P58_004397-T1	366	1.5e-61	16	254	110	350	0.933333333333333
AA2.hmm	255	B5P58|B5P58_006140-T1	482	1.9e-63	7	254	16	265	0.968627450980392
AA3.hmm	618	B5P58|B5P58_000850-T1	648	8e-41	59	401	156	642	0.553398058252427
AA3.hmm	618	B5P58|B5P58_001275-T1	508	2.5e-07	79	285	33	271	0.333333333333333
AA3.hmm	618	B5P58|B5P58_001501-T1	703	3e-45	85	401	196	696	0.511326860841424
AA3.hmm	618	B5P58|B5P58_007681-T1	823	7.4e-81	83	380	7	476	0.480582524271845
AA4.hmm	522	B5P58|B5P58_008301-T1	551	2.7e-20	16	202	75	259	0.35632183908046
AA4.hmm	522	B5P58|B5P58_008810-T1	536	1e-23	10	248	73	302	0.455938697318008
AA5.hmm	1281	B5P58|B5P58_003640-T1	553	4e-132	554	1025	40	545	0.36768149882904
AA6.hmm	195	B5P58|B5P58_001260-T1	282	5.3e-68	1	194	5	197	0.98974358974359
AA6.hmm	195	B5P58|B5P58_001458-T1	268	2.8e-47	48	192	1	133	0.738461538461539
AA6.hmm	195	B5P58|B5P58_001459-T1	92	1.8e-25	2	78	5	82	0.38974358974359
AA6.hmm	195	B5P58|B5P58_006427-T1	205	4.5e-77	1	194	4	196	0.98974358974359
AA6.hmm	195	B5P58|B5P58_006428-T1	249	4.4e-78	1	192	4	194	0.979487179487179
AA7.hmm	458	B5P58|B5P58_006089-T1	466	9.6e-27	6	254	25	279	0.541484716157205
AA7.hmm	458	B5P58|B5P58_008682-T1	494	9.6e-70	6	241	75	310	0.513100436681223
CBM12.hmm	34	B5P58|B5P58_008007-T1	377	8.3e-14	3	34	334	365	0.911764705882353
CBM13.hmm	188	B5P58|B5P58_000790-T1	267	1.1e-06	73	141	79	148	0.361702127659574
CBM13.hmm	188	B5P58|B5P58_000790-T1	267	9.9e-08	57	133	19	96	0.404255319148936
CBM13.hmm	188	B5P58|B5P58_001336-T1	2719	1.8e-13	5	146	11	162	0.75
CBM13.hmm	188	B5P58|B5P58_001336-T1	2719	1.9e-13	7	152	392	540	0.771276595744681
CBM13.hmm	188	B5P58|B5P58_001336-T1	2719	4.1e-08	14	137	925	1054	0.654255319148936
CBM13.hmm	188	B5P58|B5P58_001336-T1	2719	6.8e-08	51	142	1803	1892	0.484042553191489
CBM13.hmm	188	B5P58|B5P58_001336-T1	2719	7.3e-06	39	144	1102	1218	0.558510638297872
CBM13.hmm	188	B5P58|B5P58_001336-T1	2719	7e-08	46	153	1425	1535	0.569148936170213
CBM13.hmm	188	B5P58|B5P58_001360-T1	137	8.6e-10	75	133	78	134	0.308510638297872
CBM13.hmm	188	B5P58|B5P58_003321-T1	5823	1.2e-10	7	150	370	521	0.76063829787234
CBM13.hmm	188	B5P58|B5P58_003321-T1	5823	1.4e-07	37	141	1742	1842	0.553191489361702
CBM13.hmm	188	B5P58|B5P58_003321-T1	5823	4.7e-08	5	135	9	150	0.691489361702128
CBM13.hmm	188	B5P58|B5P58_003321-T1	5823	4e-06	7	135	899	1034	0.680851063829787
CBM13.hmm	188	B5P58|B5P58_004595-T1	138	4e-15	6	133	8	130	0.675531914893617
CBM13.hmm	188	B5P58|B5P58_004694-T1	144	3.2e-16	8	134	5	137	0.670212765957447
CBM13.hmm	188	B5P58|B5P58_006365-T1	252	2.2e-07	46	133	7	103	0.462765957446808
CBM13.hmm	188	B5P58|B5P58_006395-T1	81	2.3e-07	72	134	21	78	0.329787234042553
CBM13.hmm	188	B5P58|B5P58_006717-T1	310	0.00021	47	112	11	81	0.345744680851064
CBM13.hmm	188	B5P58|B5P58_008402-T1	120	1.1e-10	69	133	50	116	0.340425531914894
CBM13.hmm	188	B5P58|B5P58_008485-T1	137	2.8e-09	51	133	32	118	0.436170212765957
CBM13.hmm	188	B5P58|B5P58_008694-T1	316	1.2e-08	6	144	10	168	0.734042553191489
CBM13.hmm	188	B5P58|B5P58_008789-T1	131	2.6e-09	4	133	7	128	0.686170212765957
CBM19.hmm	45	B5P58|B5P58_005079-T1	330	2.3e-07	12	43	274	304	0.688888888888889
CBM19.hmm	45	B5P58|B5P58_005288-T1	362	6.2e-07	3	44	280	317	0.911111111111111
CBM19.hmm	45	B5P58|B5P58_007083-T1	522	1.1e-07	3	44	337	377	0.911111111111111
CBM32.hmm	124	B5P58|B5P58_002774-T1	139	7.8e-11	13	109	20	122	0.774193548387097
CBM43.hmm	83	B5P58|B5P58_001609-T1	437	8.9e-12	2	77	299	384	0.903614457831325
CBM43.hmm	83	B5P58|B5P58_008769-T1	437	1.4e-10	5	82	307	386	0.927710843373494
CBM48.hmm	76	B5P58|B5P58_006350-T1	614	1.6e-07	10	61	21	82	0.671052631578947
CBM48.hmm	76	B5P58|B5P58_008564-T1	228	0.00054	15	66	17	80	0.671052631578947
CBM5.hmm	40	B5P58|B5P58_004275-T1	559	1.6e-10	3	40	477	516	0.925
CBM5.hmm	40	B5P58|B5P58_004275-T1	559	2.6e-12	2	40	382	421	0.95
CBM50.hmm	40	B5P58|B5P58_000567-T1	434	1.1e-06	1	28	158	188	0.675
CBM50.hmm	40	B5P58|B5P58_000567-T1	434	9.5e-05	7	38	90	127	0.775
CBM50.hmm	40	B5P58|B5P58_001005-T1	262	5.3e-10	1	28	28	55	0.675
CBM50.hmm	40	B5P58|B5P58_001956-T1	216	1.6e-05	1	35	30	72	0.85
CBM50.hmm	40	B5P58|B5P58_004273-T1	417	5e-06	8	39	35	72	0.775
CBM50.hmm	40	B5P58|B5P58_005006-T1	190	1.8e-06	6	36	35	75	0.75
CBM50.hmm	40	B5P58|B5P58_005442-T1	232	1.1e-13	1	39	14	58	0.95
CBM50.hmm	40	B5P58|B5P58_007783-T1	459	2.5e-11	1	38	85	128	0.925
CBM50.hmm	40	B5P58|B5P58_007783-T1	459	5.5e-05	1	28	160	190	0.675
CE1.hmm	227	B5P58|B5P58_002277-T1	210	5.6e-07	102	193	15	176	0.400881057268722
CE1.hmm	227	B5P58|B5P58_003653-T1	245	1.6e-08	103	217	38	236	0.502202643171806
CE1.hmm	227	B5P58|B5P58_004733-T1	277	4.1e-08	14	194	27	239	0.79295154185022
CE1.hmm	227	B5P58|B5P58_004797-T1	364	9.2e-09	9	216	82	288	0.911894273127753
CE1.hmm	227	B5P58|B5P58_006269-T1	171	5e-10	85	209	40	152	0.54625550660793
CE1.hmm	227	B5P58|B5P58_006407-T1	204	9.3e-07	136	226	111	202	0.39647577092511
CE1.hmm	227	B5P58|B5P58_006407-T1	204	9e-14	1	95	22	134	0.414096916299559
CE1.hmm	227	B5P58|B5P58_006613-T1	280	3.8e-08	13	224	29	265	0.929515418502203
CE1.hmm	227	B5P58|B5P58_008147-T1	232	3.5e-06	22	122	96	220	0.440528634361233
CE1.hmm	227	B5P58|B5P58_008266-T1	324	9.4e-06	28	160	34	168	0.581497797356828
CE10.hmm	341	B5P58|B5P58_000273-T1	315	2.6e-57	67	330	49	306	0.771260997067449
CE10.hmm	341	B5P58|B5P58_001000-T1	570	4e-35	49	336	105	527	0.841642228739003
CE10.hmm	341	B5P58|B5P58_001578-T1	608	2e-07	147	292	431	555	0.425219941348974
CE10.hmm	341	B5P58|B5P58_001671-T1	669	6.3e-28	66	325	387	645	0.759530791788856
CE10.hmm	341	B5P58|B5P58_002233-T1	588	3.4e-08	92	232	408	570	0.410557184750733
CE10.hmm	341	B5P58|B5P58_003032-T1	679	3.5e-17	58	294	398	640	0.69208211143695
CE10.hmm	341	B5P58|B5P58_003343-T1	413	6.3e-31	93	298	64	307	0.601173020527859
CE10.hmm	341	B5P58|B5P58_003721-T1	392	1.8e-27	61	322	38	323	0.765395894428152
CE10.hmm	341	B5P58|B5P58_003923-T1	316	1.8e-55	56	313	37	292	0.75366568914956
CE10.hmm	341	B5P58|B5P58_004056-T1	779	3.3e-13	75	310	536	759	0.689149560117302
CE10.hmm	341	B5P58|B5P58_004256-T1	470	1.8e-29	93	333	223	463	0.703812316715543
CE10.hmm	341	B5P58|B5P58_005327-T1	278	1.1e-39	94	311	28	249	0.636363636363636
CE10.hmm	341	B5P58|B5P58_005464-T1	324	1.7e-59	17	316	12	303	0.87683284457478
CE10.hmm	341	B5P58|B5P58_005465-T1	276	7.5e-38	126	326	89	263	0.586510263929619
CE10.hmm	341	B5P58|B5P58_005466-T1	288	3.8e-41	134	321	87	270	0.548387096774194
CE10.hmm	341	B5P58|B5P58_005467-T1	301	1e-40	122	322	87	283	0.586510263929619
CE10.hmm	341	B5P58|B5P58_005538-T1	207	1.4e-18	94	202	96	198	0.316715542521994
CE10.hmm	341	B5P58|B5P58_005576-T1	241	1.1e-18	125	334	1	227	0.612903225806452
CE10.hmm	341	B5P58|B5P58_006071-T1	318	1.3e-66	69	334	47	309	0.777126099706745
CE10.hmm	341	B5P58|B5P58_007147-T1	329	1.4e-18	136	311	66	247	0.513196480938416
CE10.hmm	341	B5P58|B5P58_007741-T1	320	5.8e-35	93	325	56	304	0.680351906158358
CE10.hmm	341	B5P58|B5P58_007918-T1	418	2e-29	93	301	71	309	0.609970674486804
CE10.hmm	341	B5P58|B5P58_007997-T1	439	1.4e-36	81	286	182	380	0.601173020527859
CE10.hmm	341	B5P58|B5P58_008247-T1	256	7.9e-32	81	309	17	230	0.668621700879765
CE10.hmm	341	B5P58|B5P58_008435-T1	336	3.5e-43	67	283	70	278	0.633431085043988
CE10.hmm	341	B5P58|B5P58_008437-T1	393	2e-32	117	285	178	334	0.49266862170088
CE10.hmm	341	B5P58|B5P58_008517-T1	314	4.3e-64	62	328	43	303	0.780058651026393
CE10.hmm	341	B5P58|B5P58_008620-T1	310	2.3e-47	117	333	92	300	0.633431085043988
CE10.hmm	341	B5P58|B5P58_009204-T1	704	1.1e-19	77	320	441	674	0.712609970674487
CE12.hmm	210	B5P58|B5P58_005936-T1	264	4e-10	19	171	18	191	0.723809523809524
CE16.hmm	267	B5P58|B5P58_004495-T1	386	2e-37	33	266	8	237	0.872659176029963
CE16.hmm	267	B5P58|B5P58_004886-T1	114	9.8e-17	37	128	2	78	0.340823970037453
CE16.hmm	267	B5P58|B5P58_008720-T1	402	3.5e-31	26	266	32	268	0.898876404494382
CE2.hmm	209	B5P58|B5P58_003094-T1	557	8.2e-17	29	207	161	325	0.851674641148325
CE4.hmm	130	B5P58|B5P58_000073-T1	445	6.6e-24	11	125	160	275	0.876923076923077
CE4.hmm	130	B5P58|B5P58_000101-T1	427	4.6e-21	9	123	149	264	0.876923076923077
CE4.hmm	130	B5P58|B5P58_000249-T1	407	8.4e-22	9	123	148	263	0.876923076923077
CE4.hmm	130	B5P58|B5P58_002740-T1	328	7.9e-11	8	125	108	226	0.9
CE4.hmm	130	B5P58|B5P58_003107-T1	557	6.3e-25	13	124	312	435	0.853846153846154
CE4.hmm	130	B5P58|B5P58_003271-T1	374	4.9e-31	7	125	89	208	0.907692307692308
CE4.hmm	130	B5P58|B5P58_003763-T1	226	6.5e-29	7	126	35	153	0.915384615384615
CE4.hmm	130	B5P58|B5P58_004222-T1	401	7.7e-29	7	123	116	233	0.892307692307692
CE4.hmm	130	B5P58|B5P58_004336-T1	318	4.1e-24	13	124	41	159	0.853846153846154
CE4.hmm	130	B5P58|B5P58_004339-T1	444	5.9e-25	14	124	156	277	0.846153846153846
CE4.hmm	130	B5P58|B5P58_004616-T1	265	1.3e-21	6	123	35	182	0.9
CE4.hmm	130	B5P58|B5P58_004672-T1	224	0.00045	75	126	12	65	0.392307692307692
CE4.hmm	130	B5P58|B5P58_004912-T1	359	2.8e-31	10	122	113	226	0.861538461538462
CE4.hmm	130	B5P58|B5P58_004947-T1	380	9.9e-31	9	125	212	329	0.892307692307692
CE4.hmm	130	B5P58|B5P58_005978-T1	277	3.6e-34	8	124	100	217	0.892307692307692
CE4.hmm	130	B5P58|B5P58_006239-T1	463	9e-23	9	123	174	289	0.876923076923077
CE4.hmm	130	B5P58|B5P58_007112-T1	753	1.4e-21	12	124	165	290	0.861538461538462
CE4.hmm	130	B5P58|B5P58_007458-T1	455	3e-10	5	128	47	161	0.946153846153846
CE4.hmm	130	B5P58|B5P58_008338-T1	383	3.2e-22	13	124	141	266	0.853846153846154
CE4.hmm	130	B5P58|B5P58_008645-T1	225	6.8e-23	4	99	33	142	0.730769230769231
CE6.hmm	99	B5P58|B5P58_003393-T1	378	5.4e-16	2	95	125	222	0.939393939393939
CE9.hmm	373	B5P58|B5P58_002908-T1	430	4.8e-121	1	373	9	425	0.997319034852547
GH109.hmm	126	B5P58|B5P58_002037-T1	355	2.5e-15	60	125	53	118	0.515873015873016
GH109.hmm	126	B5P58|B5P58_002821-T1	289	4.1e-10	1	120	5	134	0.944444444444444
GH109.hmm	126	B5P58|B5P58_002824-T1	325	3.8e-06	25	119	85	187	0.746031746031746
GH109.hmm	126	B5P58|B5P58_002824-T1	325	9.4e-06	45	120	217	288	0.595238095238095
GH109.hmm	126	B5P58|B5P58_008328-T1	345	1.5e-13	4	116	7	112	0.888888888888889
GH125.hmm	402	B5P58|B5P58_007323-T1	581	6.3e-142	1	402	118	571	0.997512437810945
GH15.hmm	361	B5P58|B5P58_000164-T1	461	1.4e-83	18	359	51	451	0.944598337950138
GH15.hmm	361	B5P58|B5P58_005152-T1	727	7.1e-32	180	360	536	714	0.498614958448753
GH15.hmm	361	B5P58|B5P58_005152-T1	727	9.3e-37	3	161	357	533	0.437673130193906
GH16.hmm	189	B5P58|B5P58_002546-T1	650	1e-23	57	176	428	570	0.62962962962963
GH16.hmm	189	B5P58|B5P58_003079-T1	160	2.5e-19	76	176	6	119	0.529100529100529
GH16.hmm	189	B5P58|B5P58_003588-T1	325	7.4e-26	50	176	70	239	0.666666666666667
GH16.hmm	189	B5P58|B5P58_004421-T1	203	7.1e-21	83	189	12	197	0.560846560846561
GH16.hmm	189	B5P58|B5P58_007876-T1	317	1.3e-21	25	176	82	237	0.798941798941799
GH17.hmm	311	B5P58|B5P58_001134-T1	289	1.7e-29	2	306	26	276	0.977491961414791
GH17.hmm	311	B5P58|B5P58_004630-T1	769	2.5e-20	19	306	537	768	0.922829581993569
GH18.hmm	296	B5P58|B5P58_000504-T1	736	3.2e-27	4	232	31	298	0.77027027027027
GH18.hmm	296	B5P58|B5P58_000706-T1	746	8.1e-71	17	284	369	721	0.902027027027027
GH18.hmm	296	B5P58|B5P58_002916-T1	514	8.3e-79	5	289	126	482	0.959459459459459
GH18.hmm	296	B5P58|B5P58_004131-T1	404	1.7e-77	3	286	11	366	0.956081081081081
GH18.hmm	296	B5P58|B5P58_004275-T1	559	3.6e-21	50	200	7	170	0.506756756756757
GH18.hmm	296	B5P58|B5P58_005079-T1	330	1.4e-07	65	198	2	161	0.449324324324324
GH18.hmm	296	B5P58|B5P58_005288-T1	362	7.7e-27	152	273	1	179	0.408783783783784
GH18.hmm	296	B5P58|B5P58_007083-T1	522	2.5e-26	5	233	30	297	0.77027027027027
GH18.hmm	296	B5P58|B5P58_008004-T1	837	2.9e-17	3	251	48	337	0.837837837837838
GH18.hmm	296	B5P58|B5P58_008059-T1	326	9.8e-59	73	285	1	291	0.716216216216216
GH18.hmm	296	B5P58|B5P58_009211-T1	420	8.3e-69	3	285	19	401	0.952702702702703
GH20.hmm	337	B5P58|B5P58_000842-T1	568	3e-91	8	336	154	507	0.973293768545994
GH20.hmm	337	B5P58|B5P58_000843-T1	613	1.9e-85	19	336	203	559	0.940652818991098
GH20.hmm	337	B5P58|B5P58_001429-T1	1215	2.1e-91	9	336	807	1159	0.970326409495549
GH20.hmm	337	B5P58|B5P58_006359-T1	694	1.4e-18	132	336	217	430	0.605341246290801
GH24.hmm	137	B5P58|B5P58_005034-T1	218	1.1e-32	1	137	59	201	0.992700729927007
GH24.hmm	137	B5P58|B5P58_005040-T1	158	8.5e-45	2	137	7	148	0.985401459854015
GH25.hmm	177	B5P58|B5P58_004969-T1	195	1.5e-17	1	146	23	183	0.819209039548023
GH27.hmm	375	B5P58|B5P58_003691-T1	720	1.6e-06	141	335	439	617	0.517333333333333
GH27.hmm	375	B5P58|B5P58_003691-T1	720	1.7e-06	141	335	163	341	0.517333333333333
GH29.hmm	346	B5P58|B5P58_004344-T1	728	3.6e-84	22	345	301	627	0.933526011560694
GH3.hmm	216	B5P58|B5P58_001723-T1	559	1.4e-30	94	207	1	129	0.523148148148148
GH3.hmm	216	B5P58|B5P58_001787-T1	554	8e-25	3	106	66	170	0.476851851851852
GH3.hmm	216	B5P58|B5P58_004877-T1	851	2.8e-57	7	216	84	287	0.967592592592593
GH3.hmm	216	B5P58|B5P58_006667-T1	853	2.1e-61	9	215	71	297	0.953703703703704
GH3.hmm	216	B5P58|B5P58_008918-T1	1457	1.2e-58	8	214	69	292	0.953703703703704
GH31.hmm	427	B5P58|B5P58_001945-T1	910	5e-154	2	427	324	768	0.995316159250585
GH31.hmm	427	B5P58|B5P58_003277-T1	732	3.8e-73	5	423	229	702	0.978922716627635
GH31.hmm	427	B5P58|B5P58_006481-T1	821	5.1e-114	1	427	222	691	0.997658079625293
GH31.hmm	427	B5P58|B5P58_008824-T1	460	3.1e-21	3	168	249	437	0.386416861826698
GH35.hmm	307	B5P58|B5P58_003231-T1	1541	1.2e-77	2	303	56	432	0.980456026058632
GH36.hmm	688	B5P58|B5P58_005625-T1	714	1.5e-51	148	526	84	455	0.549418604651163
GH36.hmm	688	B5P58|B5P58_009197-T1	866	1.6e-192	14	639	227	833	0.908430232558139
GH37.hmm	491	B5P58|B5P58_000728-T1	742	1e-147	2	488	111	657	0.989816700610998
GH37.hmm	491	B5P58|B5P58_001706-T1	766	3e-150	2	489	135	683	0.991853360488798
GH37.hmm	491	B5P58|B5P58_004385-T1	803	3.7e-153	2	489	137	684	0.991853360488798
GH37.hmm	491	B5P58|B5P58_005746-T1	570	4.2e-151	1	490	4	546	0.995926680244399
GH37.hmm	491	B5P58|B5P58_008155-T1	685	4.3e-128	124	489	185	594	0.743380855397149
GH38.hmm	269	B5P58|B5P58_007902-T1	903	7.4e-30	130	258	377	510	0.475836431226766
GH46.hmm	222	B5P58|B5P58_005263-T1	390	6e-38	13	208	5	204	0.878378378378378
GH46.hmm	222	B5P58|B5P58_007881-T1	184	3.3e-18	41	144	7	116	0.463963963963964
GH46.hmm	222	B5P58|B5P58_007883-T1	535	7.7e-21	42	142	89	196	0.45045045045045
GH47.hmm	446	B5P58|B5P58_000335-T1	347	1.9e-66	214	445	85	322	0.517937219730942
GH47.hmm	446	B5P58|B5P58_002032-T1	329	9.7e-59	29	269	20	250	0.538116591928251
GH47.hmm	446	B5P58|B5P58_002722-T1	328	2e-44	48	205	1	164	0.352017937219731
GH47.hmm	446	B5P58|B5P58_003658-T1	446	3.8e-72	1	265	13	267	0.591928251121076
GH47.hmm	446	B5P58|B5P58_003658-T1	446	8.1e-37	305	445	279	435	0.31390134529148
GH47.hmm	446	B5P58|B5P58_005177-T1	595	1.8e-158	1	446	133	589	0.997757847533632
GH47.hmm	446	B5P58|B5P58_005960-T1	374	1.2e-104	47	426	30	372	0.849775784753363
GH5.hmm	275	B5P58|B5P58_000466-T1	724	2.4e-33	6	235	39	546	0.832727272727273
GH5.hmm	275	B5P58|B5P58_004835-T1	420	9.1e-21	13	232	37	366	0.796363636363636
GH5.hmm	275	B5P58|B5P58_006198-T1	483	1.1e-31	1	233	43	374	0.843636363636364
GH5.hmm	275	B5P58|B5P58_007585-T1	516	1e-34	28	241	100	372	0.774545454545455
GH5.hmm	275	B5P58|B5P58_007780-T1	517	5.9e-34	29	274	182	486	0.890909090909091
GH5.hmm	275	B5P58|B5P58_008416-T1	743	3.2e-34	6	238	13	568	0.843636363636364
GH63.hmm	570	B5P58|B5P58_005475-T1	778	7.1e-29	320	567	562	776	0.433333333333333
GH72.hmm	312	B5P58|B5P58_001609-T1	437	2.2e-109	61	311	1	249	0.801282051282051
GH72.hmm	312	B5P58|B5P58_008769-T1	437	5.1e-109	61	312	1	248	0.80448717948718
GH74.hmm	233	B5P58|B5P58_003242-T1	2051	1.7e-07	12	140	665	797	0.549356223175966
GH74.hmm	233	B5P58|B5P58_003242-T1	2051	8.6e-07	29	110	273	422	0.347639484978541
GH8.hmm	320	B5P58|B5P58_009246-T1	350	8.6e-57	2	319	8	345	0.990625
GH81.hmm	622	B5P58|B5P58_001445-T1	695	2.2e-141	5	614	19	681	0.979099678456592
GH85.hmm	315	B5P58|B5P58_002441-T1	645	3.4e-64	52	312	3	320	0.825396825396825
GH85.hmm	315	B5P58|B5P58_002459-T1	680	4.8e-64	44	315	64	352	0.86031746031746
GH9.hmm	418	B5P58|B5P58_002477-T1	366	9.8e-60	147	418	2	298	0.648325358851675
GH9.hmm	418	B5P58|B5P58_005760-T1	426	1.3e-54	161	418	56	335	0.614832535885168
GH9.hmm	418	B5P58|B5P58_007073-T1	528	6.5e-109	2	418	24	458	0.995215311004785
GH9.hmm	418	B5P58|B5P58_008905-T1	659	5.9e-90	1	418	47	503	0.997607655502392
GH92.hmm	491	B5P58|B5P58_004785-T1	739	3.1e-155	5	491	232	714	0.989816700610998
GT1.hmm	382	B5P58|B5P58_001090-T1	540	1.8e-22	87	353	129	445	0.696335078534031
GT1.hmm	382	B5P58|B5P58_002827-T1	1040	2.1e-49	67	365	693	1035	0.780104712041885
GT1.hmm	382	B5P58|B5P58_003801-T1	447	1.2e-24	186	346	147	340	0.418848167539267
GT1.hmm	382	B5P58|B5P58_004230-T1	299	1.8e-24	198	346	17	199	0.387434554973822
GT1.hmm	382	B5P58|B5P58_004511-T1	437	2.9e-48	159	377	112	383	0.570680628272251
GT1.hmm	382	B5P58|B5P58_004577-T1	320	1.5e-21	220	370	45	222	0.392670157068063
GT1.hmm	382	B5P58|B5P58_005883-T1	355	1e-21	220	351	54	262	0.342931937172775
GT1.hmm	382	B5P58|B5P58_006774-T1	542	2.2e-21	189	363	253	459	0.455497382198953
GT1.hmm	382	B5P58|B5P58_007212-T1	390	4.8e-26	220	362	112	302	0.371727748691099
GT1.hmm	382	B5P58|B5P58_007213-T1	487	8.1e-26	220	362	209	399	0.371727748691099
GT1.hmm	382	B5P58|B5P58_008808-T1	328	5.2e-27	212	332	52	219	0.31413612565445
GT10.hmm	347	B5P58|B5P58_002540-T1	343	1.7e-57	123	330	5	222	0.596541786743516
GT11.hmm	276	B5P58|B5P58_000185-T1	198	1.7e-07	65	191	63	176	0.456521739130435
GT15.hmm	273	B5P58|B5P58_001073-T1	244	2.7e-53	76	241	62	244	0.604395604395604
GT15.hmm	273	B5P58|B5P58_001772-T1	338	1.5e-37	1	107	51	157	0.388278388278388
GT15.hmm	273	B5P58|B5P58_001772-T1	338	7.9e-63	127	272	158	309	0.531135531135531
GT15.hmm	273	B5P58|B5P58_003145-T1	267	2.3e-96	10	246	2	239	0.864468864468865
GT15.hmm	273	B5P58|B5P58_006787-T1	227	2.9e-39	1	107	31	137	0.388278388278388
GT15.hmm	273	B5P58|B5P58_006787-T1	227	7.9e-32	127	215	138	227	0.322344322344322
GT15.hmm	273	B5P58|B5P58_008710-T1	160	2.4e-48	8	154	1	147	0.534798534798535
GT15.hmm	273	B5P58|B5P58_008711-T1	144	1.2e-25	159	241	1	83	0.3003663003663
GT2.hmm	168	B5P58|B5P58_000208-T1	537	3.3e-13	2	166	57	221	0.976190476190476
GT2.hmm	168	B5P58|B5P58_001014-T1	1743	8e-13	79	166	1252	1340	0.517857142857143
GT2.hmm	168	B5P58|B5P58_001470-T1	1043	7.1e-19	71	164	576	670	0.553571428571429
GT2.hmm	168	B5P58|B5P58_001598-T1	1977	5e-16	79	162	1420	1504	0.494047619047619
GT2.hmm	168	B5P58|B5P58_001809-T1	1459	3.2e-12	73	163	1073	1164	0.535714285714286
GT2.hmm	168	B5P58|B5P58_002239-T1	1075	5.9e-17	38	162	685	810	0.738095238095238
GT2.hmm	168	B5P58|B5P58_002292-T1	243	2.2e-25	16	125	1	123	0.648809523809524
GT2.hmm	168	B5P58|B5P58_002656-T1	1968	8.6e-16	79	162	1422	1506	0.494047619047619
GT2.hmm	168	B5P58|B5P58_003022-T1	1272	7.2e-17	73	164	776	868	0.541666666666667
GT2.hmm	168	B5P58|B5P58_003346-T1	1793	2.6e-16	79	165	1356	1443	0.511904761904762
GT2.hmm	168	B5P58|B5P58_003365-T1	279	1.2e-13	2	166	25	189	0.976190476190476
GT2.hmm	168	B5P58|B5P58_003446-T1	315	1.7e-19	5	168	54	256	0.970238095238095
GT2.hmm	168	B5P58|B5P58_003929-T1	1766	1.5e-12	79	161	1366	1449	0.488095238095238
GT2.hmm	168	B5P58|B5P58_004313-T1	1013	5.4e-12	80	164	539	624	0.5
GT2.hmm	168	B5P58|B5P58_004465-T1	1786	8e-14	79	162	1296	1380	0.494047619047619
GT2.hmm	168	B5P58|B5P58_005178-T1	1769	4.1e-15	79	162	1356	1440	0.494047619047619
GT2.hmm	168	B5P58|B5P58_005334-T1	239	4.4e-47	1	167	7	176	0.988095238095238
GT2.hmm	168	B5P58|B5P58_005432-T1	1822	7.1e-13	79	161	1393	1476	0.488095238095238
GT2.hmm	168	B5P58|B5P58_006519-T1	1211	1.2e-06	80	161	436	518	0.482142857142857
GT2.hmm	168	B5P58|B5P58_008337-T1	1045	5.3e-12	79	164	595	681	0.505952380952381
GT2.hmm	168	B5P58|B5P58_008715-T1	406	2.3e-16	2	167	55	217	0.982142857142857
GT2.hmm	168	B5P58|B5P58_008751-T1	454	8.6e-08	2	166	138	356	0.976190476190476
GT2.hmm	168	B5P58|B5P58_008753-T1	719	1e-11	73	163	330	421	0.535714285714286
GT20.hmm	475	B5P58|B5P58_002240-T1	711	1.3e-96	189	459	213	480	0.568421052631579
GT20.hmm	475	B5P58|B5P58_004970-T1	695	1e-82	209	459	183	430	0.526315789473684
GT20.hmm	475	B5P58|B5P58_004970-T1	695	4.2e-34	10	162	10	182	0.32
GT20.hmm	475	B5P58|B5P58_006648-T1	852	8.1e-160	22	450	133	571	0.901052631578947
GT20.hmm	475	B5P58|B5P58_008334-T1	768	6.5e-203	11	475	14	478	0.976842105263158
GT20.hmm	475	B5P58|B5P58_008744-T1	856	6.9e-167	31	473	96	550	0.930526315789474
GT21.hmm	233	B5P58|B5P58_008986-T1	425	1.7e-86	1	233	41	276	0.995708154506438
GT22.hmm	389	B5P58|B5P58_001085-T1	411	1.4e-46	155	370	2	218	0.552699228791774
GT22.hmm	389	B5P58|B5P58_007057-T1	376	5e-64	124	389	2	280	0.681233933161954
GT22.hmm	389	B5P58|B5P58_009119-T1	464	3.8e-50	140	389	2	324	0.640102827763496
GT23.hmm	318	B5P58|B5P58_002133-T1	558	4.4e-07	12	236	189	441	0.70440251572327
GT24.hmm	248	B5P58|B5P58_004425-T1	1448	3e-120	1	248	1162	1396	0.995967741935484
GT28.hmm	157	B5P58|B5P58_004533-T1	431	2.1e-06	60	135	293	366	0.477707006369427
GT31.hmm	192	B5P58|B5P58_001719-T1	724	2.3e-23	38	191	6	153	0.796875
GT31.hmm	192	B5P58|B5P58_004743-T1	395	1.6e-33	11	190	146	321	0.932291666666667
GT31.hmm	192	B5P58|B5P58_007378-T1	557	2.7e-16	18	191	8	164	0.901041666666667
GT32.hmm	90	B5P58|B5P58_001719-T1	724	1.7e-11	17	81	333	401	0.711111111111111
GT32.hmm	90	B5P58|B5P58_004414-T1	581	5.5e-09	41	87	202	247	0.511111111111111
GT32.hmm	90	B5P58|B5P58_007324-T1	584	1.1e-13	42	87	112	158	0.5
GT32.hmm	90	B5P58|B5P58_007533-T1	291	7.4e-09	56	89	243	276	0.366666666666667
GT33.hmm	425	B5P58|B5P58_004844-T1	300	4.8e-105	93	360	6	299	0.628235294117647
GT34.hmm	246	B5P58|B5P58_000384-T1	578	8.4e-26	21	199	373	535	0.723577235772358
GT34.hmm	246	B5P58|B5P58_005655-T1	664	1.3e-27	26	235	452	633	0.849593495934959
GT39.hmm	223	B5P58|B5P58_003783-T1	696	7.9e-33	2	104	51	170	0.457399103139013
GT39.hmm	223	B5P58|B5P58_005164-T1	529	1.8e-27	136	223	4	91	0.390134529147982
GT39.hmm	223	B5P58|B5P58_005165-T1	200	5.6e-36	2	106	74	193	0.466367713004484
GT4.hmm	160	B5P58|B5P58_000545-T1	207	5.3e-17	38	144	2	103	0.6625
GT4.hmm	160	B5P58|B5P58_001129-T1	206	6.7e-33	7	135	9	133	0.8
GT4.hmm	160	B5P58|B5P58_001647-T1	417	8.5e-35	6	135	201	327	0.80625
GT4.hmm	160	B5P58|B5P58_003954-T1	674	1.7e-29	8	159	435	606	0.94375
GT4.hmm	160	B5P58|B5P58_005534-T1	483	9.7e-25	8	157	289	451	0.93125
GT4.hmm	160	B5P58|B5P58_009120-T1	313	3.3e-31	8	152	66	240	0.9
GT47.hmm	296	B5P58|B5P58_008111-T1	240	7.1e-28	135	296	16	191	0.543918918918919
GT48.hmm	739	B5P58|B5P58_002632-T1	720	8.8e-246	121	726	1	619	0.818673883626522
GT48.hmm	739	B5P58|B5P58_006234-T1	1364	4.9e-224	4	469	843	1339	0.629228687415426
GT48.hmm	739	B5P58|B5P58_009153-T1	1541	3.8e-297	2	727	633	1401	0.98105548037889
GT49.hmm	337	B5P58|B5P58_002155-T1	432	1.6e-50	51	331	115	394	0.830860534124629
GT49.hmm	337	B5P58|B5P58_003234-T1	579	6.6e-17	52	312	262	526	0.771513353115727
GT49.hmm	337	B5P58|B5P58_004142-T1	302	6.3e-24	36	299	11	271	0.780415430267062
GT49.hmm	337	B5P58|B5P58_005131-T1	379	1.7e-19	51	323	62	338	0.807121661721068
GT49.hmm	337	B5P58|B5P58_005829-T1	374	6.2e-22	49	210	103	266	0.477744807121662
GT49.hmm	337	B5P58|B5P58_006068-T1	358	2.1e-48	43	334	30	329	0.863501483679525
GT49.hmm	337	B5P58|B5P58_006248-T1	433	3.6e-48	51	331	117	395	0.830860534124629
GT49.hmm	337	B5P58|B5P58_008612-T1	367	6.6e-49	50	327	50	326	0.821958456973294
GT5.hmm	472	B5P58|B5P58_007408-T1	647	7.7e-45	2	410	20	518	0.864406779661017
GT5.hmm	472	B5P58|B5P58_007720-T1	741	1.8e-51	2	414	121	627	0.872881355932203
GT57.hmm	481	B5P58|B5P58_002967-T1	415	2.7e-60	178	480	138	397	0.627858627858628
GT62.hmm	268	B5P58|B5P58_001406-T1	499	1.8e-50	3	267	218	465	0.985074626865672
GT62.hmm	268	B5P58|B5P58_002221-T1	288	1.4e-84	11	268	2	255	0.958955223880597
GT62.hmm	268	B5P58|B5P58_004248-T1	309	7.9e-77	7	268	27	274	0.973880597014925
GT62.hmm	268	B5P58|B5P58_008916-T1	239	3.9e-63	58	267	1	203	0.779850746268657
GT64.hmm	248	B5P58|B5P58_002134-T1	1796	6.9e-19	1	97	1691	1787	0.387096774193548
GT66.hmm	693	B5P58|B5P58_009118-T1	1099	5e-186	42	600	386	1016	0.805194805194805
GT68.hmm	350	B5P58|B5P58_000872-T1	438	7.6e-10	228	336	247	426	0.308571428571429
GT68.hmm	350	B5P58|B5P58_000942-T1	373	2.6e-09	196	343	163	361	0.42
GT68.hmm	350	B5P58|B5P58_001969-T1	690	4.5e-08	228	338	540	680	0.314285714285714
GT68.hmm	350	B5P58|B5P58_008563-T1	394	1.1e-08	173	339	118	345	0.474285714285714
GT69.hmm	239	B5P58|B5P58_000428-T1	179	1.2e-57	22	208	3	177	0.778242677824268
GT71.hmm	264	B5P58|B5P58_003561-T1	446	7.1e-60	1	263	122	348	0.992424242424242
GT71.hmm	264	B5P58|B5P58_003700-T1	434	1e-51	1	260	108	351	0.981060606060606
GT71.hmm	264	B5P58|B5P58_005567-T1	474	2.3e-54	1	260	142	385	0.981060606060606
GT77.hmm	216	B5P58|B5P58_003398-T1	445	2.6e-22	3	209	106	306	0.953703703703704
GT77.hmm	216	B5P58|B5P58_004853-T1	372	6.5e-25	3	216	133	340	0.986111111111111
GT77.hmm	216	B5P58|B5P58_005869-T1	319	4.3e-25	3	212	99	303	0.967592592592593
GT77.hmm	216	B5P58|B5P58_007912-T1	370	4.8e-20	4	205	176	368	0.930555555555556
GT8.hmm	257	B5P58|B5P58_002134-T1	1796	4.6e-10	17	157	1439	1563	0.544747081712062
GT8.hmm	257	B5P58|B5P58_004752-T1	545	4.7e-38	38	254	275	503	0.840466926070039
PL14.hmm	200	B5P58|B5P58_002215-T1	304	1e-13	3	65	83	154	0.31
PL14.hmm	200	B5P58|B5P58_002215-T1	304	8.3e-29	89	198	152	270	0.545
PL8.hmm	259	B5P58|B5P58_006763-T1	533	6.7e-46	2	258	157	416	0.988416988416988
PL8.hmm	259	B5P58|B5P58_008868-T1	460	6.4e-38	2	157	285	441	0.598455598455598
